순위,영화명,관객수 ,상영횟수 ,등급 ,장르 
1,극한직업,"16,263,074","292,550",15세이상관람가,코미디
2,신과함께-인과 연,"12,276,115","179,986",12세이상관람가,"판타지,드라마"
3,안시성,"5,441,020","110,444",12세이상관람가,"사극,액션"
4,완벽한 타인,"5,294,119","143,072",15세이상관람가,"드라마,코미디"
5,공작,"4,975,142","99,117",12세이상관람가,드라마
6,암수살인,"3,789,321","126,127",15세이상관람가,"범죄,드라마"
7,국가부도의 날,"3,755,133","101,074",12세이상관람가,드라마
8,돈,"3,389,035","120,808",15세이상관람가,범죄
9,악인전,"3,230,914","90,036",청소년관람불가,"범죄,액션"
10,마녀,"3,189,091","90,843",15세이상관람가,"미스터리,액션"
11,탐정: 리턴즈,"3,148,038","107,883",15세이상관람가,"코미디,범죄"
12,말모이,"2,865,323","87,831",12세이상관람가,드라마
13,너의 결혼식,"2,820,969","98,193",12세이상관람가,멜로/로맨스
14,증인,"2,534,075","89,556",12세이상관람가,드라마
15,목격자,"2,524,720","71,403",15세이상관람가,스릴러
16,독전,"2,514,153","80,906",15세이상관람가,"범죄,액션"
17,사바하,"2,398,519","78,094",15세이상관람가,"미스터리,스릴러"
18,기생충,"2,372,457","27,017",15세이상관람가,드라마
19,명당,"2,087,474","58,450",12세이상관람가,사극
20,협상,"1,967,721","57,926",15세이상관람가,범죄
21,내안의 그놈,"1,916,855","61,744",15세이상관람가,"판타지,코미디"
22,마약왕,"1,864,076","45,453",청소년관람불가,"범죄,드라마"
23,뺑반,"1,826,714","47,213",15세이상관람가,"범죄,액션"
24,PMC: 더 벙커,"1,671,548","49,806",15세이상관람가,액션
25,걸캅스,"1,614,840","62,218",15세이상관람가,"코미디,액션"
26,창궐,"1,599,598","60,689",15세이상관람가,"사극,액션"
27,성난황소,"1,593,386","48,932",15세이상관람가,"범죄,액션"
28,도어락,"1,561,258","53,836",15세이상관람가,"스릴러,드라마"
29,스윙키즈,"1,472,931","42,244",12세이상관람가,드라마
30,나의 특별한 형제,"1,470,207","49,810",12세이상관람가,"드라마,코미디"
31,생일,"1,196,659","71,786",전체관람가,드라마
32,인랑,"898,945","25,427",15세이상관람가,"SF,액션"
33,극장판 헬로카봇 : 백악기 시대,"879,682","16,178",전체관람가,애니메이션
34,상류사회,"768,442","41,725",청소년관람불가,드라마
35,뽀로로 극장판 보물섬 대모험,"762,319","19,864",전체관람가,"애니메이션,가족"
36,물괴,"723,622","46,022",15세이상관람가,"액션,사극"
37,미쓰백,"722,560","41,965",15세이상관람가,드라마
38,신비아파트: 금빛 도깨비와 비밀의 동굴,"678,091","16,175",전체관람가,"애니메이션,판타지,어드벤처"
39,극장판 헬로카봇: 옴파로스 섬의 비밀,"575,353","15,826",전체관람가,애니메이션
40,점박이 한반도의 공룡2 : 새로운 낙원,"550,145","12,584",전체관람가,애니메이션
41,변산,"490,519","27,504",15세이상관람가,드라마
42,동네사람들,"461,693","23,598",15세이상관람가,"액션,스릴러"
43,원더풀 고스트,"450,378","14,003",12세이상관람가,"코미디,드라마,범죄"
44,극장판 공룡메카드: 타이니소어의 섬,"410,273","15,121",전체관람가,애니메이션
45,러브 유어셀프 인 서울,"342,366","4,535",전체관람가,공연
46,허스토리,"336,822","20,406",12세이상관람가,드라마
47,번 더 스테이지: 더 무비,"315,010","4,714",전체관람가,기타
48,미성년,"293,258","27,310",15세이상관람가,드라마
49,배심원들,"281,763","20,015",12세이상관람가,드라마
50,기묘한 가족,"263,322","15,311",12세이상관람가,"코미디,가족"
51,악질경찰,"262,233","22,785",청소년관람불가,"범죄,드라마"
52,속닥속닥,"217,444","8,246",15세이상관람가,"공포(호러),미스터리"
53,언니,"198,377","11,321",청소년관람불가,액션
54,언더독,"193,922","10,751",전체관람가,애니메이션
55,어린 의뢰인,"191,273","16,552",12세이상관람가,"드라마,가족"
56,런닝맨 : 풀룰루의 역습,"187,777","5,535",전체관람가,애니메이션
57,우상,"183,784","18,545",15세이상관람가,스릴러
58,자전차왕 엄복동,"172,212","11,245",12세이상관람가,드라마
59,독전: 익스텐디드 컷,"137,871","5,656",15세이상관람가,"범죄,액션"
60,크게 될 놈,"99,944","7,880",15세이상관람가,드라마
61,여중생A,"97,986","10,243",12세이상관람가,드라마
62,그대 이름은 장미,"89,238","7,709",12세이상관람가,코미디
63,0.0MHz,"85,289","3,183",15세이상관람가,공포(호러)
64,여곡성,"67,368","4,463",15세이상관람가,"공포(호러),미스터리"
65,왓칭,"55,366","8,514",15세이상관람가,"공포(호러),스릴러"
66,번개맨의 비밀,"51,040","2,273",전체관람가,"가족,뮤지컬"
67,버닝,"44,316","3,900",청소년관람불가,미스터리
68,극장판 뽀잉: 슈퍼 변신의 비밀,"41,054","2,847",전체관람가,애니메이션
68,배반의 장미,"41,054","6,927",15세이상관람가,코미디
70,썬키스 패밀리,"31,742","4,922",15세이상관람가,"가족,멜로/로맨스,코미디"
71,해피 투게더,"27,046","2,322",12세이상관람가,"드라마,코미디"
72,데자뷰,"25,262","4,834",15세이상관람가,"미스터리,스릴러"
73,트와이스랜드,"18,252",572,전체관람가,다큐멘터리
74,해적왕 작스톰,"5,916",441,전체관람가,애니메이션
75,불한당: 나쁜 놈들의 세상,"4,944",199,청소년관람불가,"범죄,액션,드라마"
76,안나 카레니나,"4,571",140,12세이상관람가,뮤지컬
77,미친도시,"3,452",50,15세이상관람가,드라마
78,리벤져,"3,232",369,15세이상관람가,액션
79,인디애니페스트 2018 새벽비행 2,"3,127",29,,애니메이션
80,덕구,"2,651",22,전체관람가,드라마
81,Replay_내일+미지와의 조우+알송달송,"2,628",25,,뮤지컬
82,레슬러,"2,562",138,15세이상관람가,"드라마,코미디"
83,리틀 포레스트,"2,309",32,전체관람가,드라마
84,살인의 추억,"1,868",68,15세관람가,스릴러
85,마더,"1,772",66,청소년관람불가,드라마
86,그것만이 내 세상,"1,710",17,12세이상관람가,"코미디,드라마"
87,롱 리브 더 킹: 목포 영웅,"1,666",8,15세이상관람가,"액션,드라마"
88,인디애니페스트 2018 새벽비행 1,"1,508",12,,애니메이션
89,산딸기 2,"1,499",15,연소자관람불가,"드라마,멜로/로맨스"
90,아이 캔 스피크,"1,492",14,12세이상관람가,코미디
91,게이트-완결판,"1,408",37,15세이상관람가,"범죄,코미디"
92,박쥐,"1,217",107,청소년관람불가,"공포(호러),드라마"
93,맞짱,"1,144",83,청소년관람불가,"액션,범죄"
94,복수는 나의 것,"1,118",101,18세관람가,"범죄,스릴러"
95,친절한 금자씨,"1,089",107,18세관람가,스릴러
96,꽃찌: 독이 있는 사랑,"1,067",23,청소년관람불가,드라마
97,챔피언,"1,055",12,12세이상관람가,드라마
98,종각,"1,012",35,,드라마
99,산딸기,985,15,연소자관람불가,멜로/로맨스
100,지금 만나러 갑니다,974,116,12세이상관람가,멜로/로맨스
101,택시운전사,830,9,15세이상관람가,드라마
102,인목대비,807,13,,사극
103,내시,803,32,,드라마
104,2019 한국영화아카데미 35기 졸업영화제 개막작,800,5,,드라마
105,초대받은 사람들,771,12,연소자관람가,드라마
106,1987,749,12,15세이상관람가,드라마
107,신과함께-죄와 벌,748,19,12세이상관람가,"판타지,드라마"
108,비밥바룰라,746,5,12세이상관람가,코미디
109,설국열차,726,52,15세이상관람가,"SF,액션"
110,SESIFF2018 제2기 영등포 초단편영화 아카데미,713,2,,기타
111,2019 한국영화아카데미 35기 졸업영화제 섹션A,695,6,,드라마
112,2019 한국영화아카데미 35기 졸업영화제 섹션B,694,6,,드라마
113,2019 한국영화아카데미 35기 졸업영화제 섹션C,692,6,,드라마
114,추하 내사랑,678,15,전체관람가,"드라마,멜로/로맨스"
115,인천상륙작전,675,2,12세이상관람가,"전쟁,드라마"
116,자유만세,634,36,청소년관람불가,드라마
117,이어도,617,17,청소년관람불가,드라마
118,로맨스그레이,615,20,12세이상관람가,"드라마,멜로/로맨스"
119,육체의 약속,606,14,12세이상관람가,멜로/로맨스
120,동주,563,4,12세이상관람가,드라마
121,로드킬,542,51,청소년관람불가,"공포(호러),스릴러"
122,1월 단편 상상극장-더 비기닝,531,7,,기타
123,노리개: 그녀의 눈물,530,3,15세이상관람가,드라마
124,혈투,515,11,15세이상관람가,"액션,사극"
125,왕자 호동,509,12,,사극
126,감시자들,488,38,15세이상관람가,"범죄,액션"
127,부산행,479,113,15세이상관람가,"액션,스릴러"
128,SPFF 2018 얼음강+백서,471,5,,드라마
129,양아치 느와르,455,59,청소년관람불가,"드라마,코미디"
130,MSFF2018 희극지왕 3,454,3,,코미디
131,점박이:한반도의 공룡3D,453,5,전체관람가,"애니메이션,어드벤처,액션"
132,2018_hyukoh_24howtofindtrueloveandhappiness.proproj,449,13,,다큐멘터리
133,MSFF2018 사랑에 관한 짧은 필름 1,444,3,,"멜로/로맨스,드라마"
134,내 엄마의 친구 2,440,26,청소년관람불가,멜로/로맨스
135,SIFF2018-통일기획전 2,439,5,,기타
136,친구엄마 2018,436,22,청소년관람불가,멜로/로맨스
137,MSFF2018 4만번의 구타 2,400,3,,"액션,스릴러"
138,MSFF2018 비정성시 1,394,3,,드라마
139,MSFF2018 비정성시 3,392,3,,드라마
140,MSFF2018 사랑에 관한 짧은 필름 2,387,3,,"멜로/로맨스,드라마"
141,MSFF2018 희극지왕 1,375,3,,코미디
142,산딸기 5,374,14,연소자관람불가,"드라마,멜로/로맨스,성인물(에로)"
143,MSFF2018 희극지왕 2,373,3,,코미디
144,MSFF2018 비정성시 4,369,3,,드라마
145,금욕,352,6,12세이상관람가,"드라마,멜로/로맨스"
146,2018 중앙영화제 일출,348,3,,기타
146,MSFF2018 4만번의 구타 1,348,3,,"액션,스릴러"
148,암살,336,2,15세이상관람가,"액션,드라마"
148,진시황제와 만리장성,336,11,,드라마
148,착한 친구엄마,336,20,청소년관람불가,멜로/로맨스
151,돼지꿈,333,6,,
152,MSFF2018 비정성시 2,332,3,,드라마
153,덕혜옹주,330,2,12세이상관람가,"사극,드라마"
154,곤지암,324,85,15세이상관람가,"공포(호러),스릴러"
155,살인나비를 쫓는 여자,318,4,국민학생관람불가,"드라마,멜로/로맨스"
156,뽀로로 극장판 공룡섬 대모험,317,25,전체관람가,애니메이션
157,SIFF2018-개막식,306,1,,기타
158,MSFF2018 절대악몽 3,305,2,,"공포(호러),판타지"
159,MSFF2018 사랑에 관한 짧은 필름 3,304,3,,"멜로/로맨스,드라마"
160,충녀,303,5,12세이상관람가,드라마
161,SIFF2018-폐막식,296,1,,기타
162,여기자 20년,293,8,전체관람가,"드라마,사극"
163,악인이여 지옥행 열차를 타라,287,8,12세이상관람가,액션
164,마당을 나온 암탉,279,23,전체관람가,애니메이션
165,가을비 우산속에,278,8,국민학생관람불가,"드라마,멜로/로맨스"
165,야광,278,8,,다큐멘터리
167,박열,274,2,12세이상관람가,드라마
168,명량,271,2,15세이상관람가,"사극,액션"
169,아가씨 참으세요,270,8,국민학생관람불가,"드라마,범죄"
169,흑룡강,270,8,,액션
171,플란다스의 개,269,4,12세관람가,"드라마,코미디"
172,자유부인,264,9,청소년관람불가,드라마
173,화녀 '82,262,4,연소자관람불가,"드라마,범죄,스릴러"
174,만추,258,8,연소자관람불가,"드라마,멜로/로맨스"
175,엄마 애인 3,256,39,청소년관람불가,멜로/로맨스
176,2019 한국영화아카데미 35기 졸업영화제 실습1,255,4,,드라마
177,음란 과외 2,250,39,청소년관람불가,멜로/로맨스
178,나를 기억해,247,2,청소년관람불가,"미스터리,범죄,스릴러"
179,MSFF2018 절대악몽 1,246,2,,"공포(호러),판타지"
180,국가 성생활 관리위원회-무삭제판,244,20,청소년관람불가,멜로/로맨스
180,그녀의 하드코어-무삭제판,244,20,청소년관람불가,멜로/로맨스
180,김본좌의 야동남녀- 무삭제판,244,20,청소년관람불가,멜로/로맨스
180,내 여자의 정사: 감독판,244,20,청소년관람불가,멜로/로맨스
180,마지막 정사: 여럿이 다같이-무삭제판,244,20,청소년관람불가,멜로/로맨스
180,맛있는 스와핑,244,20,청소년관람불가,멜로/로맨스
180,새 어린 엄마 - 무삭제판,244,20,청소년관람불가,멜로/로맨스
180,세 번째 엄마 무삭제판,244,20,청소년관람불가,멜로/로맨스
180,스와핑 민박집,244,20,청소년관람불가,멜로/로맨스
180,어린 새엄마-무삭제판,244,20,청소년관람불가,멜로/로맨스
180,어린동생-무삭제,244,20,청소년관람불가,"드라마,멜로/로맨스"
180,엄마 친구의 떡 선물-무삭제판,244,20,청소년관람불가,멜로/로맨스
180,완전한 사육: 감금의 미학,244,20,청소년관람불가,멜로/로맨스
180,음란 조선 기방,244,20,청소년관람불가,멜로/로맨스
180,이웃집 형수-무삭제,244,20,청소년관람불가,멜로/로맨스
180,조선음란기방 옥미향 명기열전,244,20,청소년관람불가,멜로/로맨스
180,친구엄마 그리고 정사-무삭제판,244,20,청소년관람불가,멜로/로맨스
180,향단이 나르샤 감독판,244,20,청소년관람불가,멜로/로맨스
198,두번째 엄마2-무삭제판,243,19,청소년관람불가,멜로/로맨스
198,새 엄마의 선물 떡 - 무삭제판,243,19,청소년관람불가,멜로/로맨스
198,새로운 엄마친구-무삭제판,243,19,청소년관람불가,멜로/로맨스
198,조선음란기방 옥미향,243,19,청소년관람불가,멜로/로맨스
202,2019 한국영화아카데미 35기 졸업영화제 실습2,239,4,,드라마
202,야한 정사의 맛 - 무삭제판,239,15,청소년관람불가,멜로/로맨스
202,착한 장모,239,20,청소년관람불가,멜로/로맨스
205,SIDOF2019_SFdrome: 주세죽/눈의 마음: 이후/스윗 골든 키위,236,2,,다큐멘터리
206,얼굴이 아니고 마음입니다,234,8,국민학생관람불가,"드라마,코미디"
207,산딸기 6,232,11,연소자관람불가,"멜로/로맨스,성인물(에로)"
208,CaFF 2018 단편경쟁 1,230,2,,기타
208,CaFF 2018 단편경쟁 3,230,2,,기타
208,SIFF2018-경쟁단편 2,230,3,,기타
208,연가시,230,4,15세이상관람가,"공포(호러),SF"
208,타워,230,4,12세이상관람가,드라마
208,해운대,230,4,12세이상관람가,"액션,드라마,어드벤처"
214,SIFF2018-통일기획전 1,225,4,,드라마
215,사돈처녀,223,20,청소년관람불가,멜로/로맨스
216,MSFF2018 절대악몽 2,222,2,,"공포(호러),판타지"
216,SIFF2018-특별단편 5,222,2,,드라마
218,우아한 거짓말,220,1,12세이상관람가,드라마
219,SIFF2018-경쟁단편 4,219,3,,기타
220,MSFF2018 미래에 관한 단상들 1,218,2,,드라마
221,SIDOF2019_모스크바 닭도리탕/오늘과 내일/94. 비디오 앨범/핑크페미,214,2,,다큐멘터리
222,길소뜸,213,14,국민학생관람불가,"드라마,전쟁"
223,미니특공대X,212,46,전체관람가,애니메이션
224,SIDOF2019_망치/75미터의 끝에서/유언,210,2,,다큐멘터리
224,국제시장,210,2,12세이상관람가,드라마
226,SPFF 2018 폐막작(단편 쇼케이스),209,2,,드라마
227,게이트,208,19,15세이상관람가,"범죄,코미디"
228,젊은엄마네하숙집,204,20,청소년관람불가,멜로/로맨스
229,MSFF2018 전년도수상작 3,203,2,,드라마
229,SIFF2018-경쟁단편 5,203,3,,기타
231,여고괴담 두번째 이야기,201,3,12세관람가,공포(호러)
232,예쁜누나,198,20,청소년관람불가,"멜로/로맨스,드라마"
233,젊은 미망인,196,21,청소년관람불가,"멜로/로맨스,드라마"
233,초대녀 2,196,22,청소년관람불가,멜로/로맨스
235,엄마 애인 2,195,20,청소년관람불가,멜로/로맨스
236,MSFF2018 전년도수상작 1,194,2,,드라마
236,다방엄마,194,22,청소년관람불가,멜로/로맨스
238,"단, 비 : 제20회 부산독립영화제 씨네보배 배급선정작 순회상영회",193,4,,기타
239,SIFF2018-경쟁단편 1,189,3,,기타
239,SIFF2018-선택단편 3,189,3,,드라마
239,가슴 큰 여자친구,189,20,청소년관람불가,멜로/로맨스
242,2018 중앙영화제 아침,188,2,,기타
242,2018 중앙영화제 일몰,188,2,,기타
242,2018 중앙영화제 저녁,188,2,,기타
242,SIFF2018-경쟁단편 3,188,3,,기타
246,수상한 노래방,187,20,청소년관람불가,멜로/로맨스
247,옆집 아가씨,186,20,청소년관람불가,멜로/로맨스
248,MSFF2018 심야상영,185,1,,"공포(호러),판타지"
249,검은 사제들,183,1,15세이상관람가,"미스터리,드라마"
250,SIDOF2019_아빠가 죽으면 나는 어떡하지?/모래,182,2,,다큐멘터리
250,나의 노래: 메아리,182,2,,다큐멘터리
252,너는 결코 서둘지 말라,180,3,,드라마
252,어린고모,180,20,청소년관람불가,"드라마,멜로/로맨스"
252,초대녀,180,21,청소년관람불가,멜로/로맨스
255,과외의 추억,179,21,청소년관람불가,멜로/로맨스
255,교회누나,179,20,청소년관람불가,"멜로/로맨스,드라마"
255,딸의 애인 2,179,20,청소년관람불가,멜로/로맨스
255,어린 누나 2,179,21,청소년관람불가,멜로/로맨스
255,음란한 모델,179,20,청소년관람불가,멜로/로맨스
260,더티웨딩,178,20,청소년관람불가,멜로/로맨스
260,어린 처제 2,178,20,청소년관람불가,멜로/로맨스
260,어린 처형,178,20,청소년관람불가,멜로/로맨스
260,이웃집 아내,178,20,청소년관람불가,"멜로/로맨스,드라마"
260,조건아빠: 슈가대디,178,20,청소년관람불가,멜로/로맨스
265,맛있는 아내,177,20,청소년관람불가,"멜로/로맨스,드라마"
265,어린 누나 3,177,20,청소년관람불가,멜로/로맨스
265,우리가족같이,177,19,청소년관람불가,멜로/로맨스
268,괴물,176,2,12세관람가,"SF,가족,드라마"
268,딸의 친구 3,176,20,청소년관람불가,멜로/로맨스
268,어린 엄마 3,176,20,청소년관람불가,멜로/로맨스
268,호우시절,176,14,15세이상관람가,멜로/로맨스
272,서울의 지붕 밑,175,8,,"코미디,드라마"
273,여배우: 섹스수업,174,20,청소년관람불가,멜로/로맨스
273,조건엄마:슈가맘,174,25,청소년관람불가,"멜로/로맨스,드라마"
273,청년경찰,174,3,15세이상관람가,액션
276,어린 형수 4,173,20,청소년관람불가,멜로/로맨스
276,여선생2,173,20,청소년관람불가,코미디
276,형부를 탐하다,173,22,청소년관람불가,"드라마,멜로/로맨스"
279,남편친구들,172,20,청소년관람불가,"드라마,멜로/로맨스"
279,"유기농 섹드립 로맨스 ""오목리 미스킴""",172,20,청소년관람불가,
281,남의 아내,171,20,청소년관람불가,"드라마,멜로/로맨스"
281,등산의 참맛,171,20,청소년관람불가,"멜로/로맨스,드라마"
281,발기찬 처가살이,171,20,청소년관람불가,"드라마,멜로/로맨스"
281,어린 엄마 2,171,20,청소년관람불가,멜로/로맨스
285,SIFF2018-특별단편 4,170,2,,기타
285,너 말고 니 언니,170,20,청소년관람불가,멜로/로맨스
285,상류시대,170,21,청소년관람불가,"멜로/로맨스,드라마"
285,천박한 누나,170,20,청소년관람불가,"드라마,멜로/로맨스"
289,가정부 길들이기,169,20,청소년관람불가,멜로/로맨스
289,내방에 일본여자가 있다,169,20,청소년관람불가,멜로/로맨스
289,스튜디오,169,20,청소년관람불가,코미디
289,어린 처제 3,169,20,청소년관람불가,멜로/로맨스
289,우리 도련님,169,20,청소년관람불가,멜로/로맨스
289,은밀한 여작가의 사생활,169,20,청소년관람불가,"멜로/로맨스,드라마"
289,음란한 병원,169,20,청소년관람불가,"드라마,멜로/로맨스"
296,왕의 남자,166,2,15세이상관람가,드라마
296,화끈한 룸메이트,166,20,청소년관람불가,"멜로/로맨스,코미디"
298,타짜의 목적 무삭제,163,20,청소년관람불가,
299,"처제는, 처제와, 처제의...",162,20,청소년관람불가,"멜로/로맨스,드라마"
300,보도드라이버: 떡마차,161,20,청소년관람불가,성인물(에로)
300,비트,161,3,연소자관람불가,"액션,멜로/로맨스,범죄"
300,알래스카 북극곰,161,20,청소년관람불가,"멜로/로맨스,드라마,코미디"
303,DIMA 방송보도제작과 영상제 ‘책갈피’ 1부 - Prologue,160,1,,기타
303,DIMA 방송보도제작과 영상제 ‘책갈피’ 2부 - Epilogue,160,1,,기타
303,SPFF 2018 국내단편 3,160,2,,드라마
306,성인용품 사용설명서,159,20,청소년관람불가,멜로/로맨스
306,착한 이모의 은밀한 아르바이트,159,20,청소년관람불가,멜로/로맨스
308,더 테러 라이브,156,1,15세이상관람가,"범죄,기타"
308,베를린,156,1,15세이상관람가,액션
310,SIFF2018-심야상영 밤새 GO,153,1,,기타
310,kqff 2018 국내단편2: 중력을 벗어나,153,2,,드라마
312,MSFF2018 전년도수상작 2,150,2,,드라마
312,"광해, 왕이 된 남자",150,4,15세이상관람가,"사극,드라마"
312,레터스,150,2,,다큐멘터리
315,kqff 2018 국내단편1: 히든 캐릭터,148,2,,드라마
316,독립협회와 청년 이승만,147,7,,드라마
317,4월 단편 상상극장-숲으로 가자,145,5,,기타
318,12 하고 24,144,7,,다큐멘터리
319,SIFF2018-선택단편 2,142,3,,기타
319,유부녀들의 맛,142,21,청소년관람불가,멜로/로맨스
321,밀애 : 친구의 아내,141,22,청소년관람불가,멜로/로맨스
322,친구엄마들,140,21,청소년관람불가,멜로/로맨스
323,금지된 섹스,139,20,청소년관람불가,멜로/로맨스
323,어린 여배우 무삭제판,139,21,청소년관람불가,멜로/로맨스
325,선녀는 몸으로 운다-감독판,138,20,청소년관람불가,멜로/로맨스
325,섹스-이웃집 여자-감독판,138,20,청소년관람불가,멜로/로맨스
325,인공지능 섹스돌,138,20,청소년관람불가,멜로/로맨스
325,젊은 누나-감독판,138,20,청소년관람불가,멜로/로맨스
325,폰 섹스의 덫-감독판,138,20,청소년관람불가,멜로/로맨스
330,"MSFF2018 시그니처: 하나의 이야기, 다른 영화 1",135,2,,드라마
330,도둑들,135,1,15세이상관람가,"액션,범죄"
332,SIFF2018-선택단편 1,132,3,,드라마
333,HYUKOH_NA_TOUR1.PRPROJ,131,6,,다큐멘터리
334,SESIFF2018 E-CUT 감독을 위하여,130,2,,기타
334,SESIFF2018 Extreme-Shorts with 윤성호,130,2,,기타
334,정사 : 착한 며느리들 2,130,22,청소년관람불가,멜로/로맨스
337,SIDOF2019_추방자들/편안한 밤/환영의 도시/거대 생명체들의 도시,129,2,,다큐멘터리
337,애인 : 아내의 남자,129,20,청소년관람불가,멜로/로맨스
337,정사 : 캠퍼스 커플,129,20,청소년관람불가,멜로/로맨스
340,달빛궁궐,128,6,전체관람가,"애니메이션,판타지,어드벤처"
340,밀애 : 부부카풀,128,20,청소년관람불가,멜로/로맨스
340,아내의 애인 2,128,20,청소년관람불가,멜로/로맨스
340,착한 형수 3,128,20,청소년관람불가,멜로/로맨스
340,하숙집 여자들,128,20,청소년관람불가,멜로/로맨스
340,한국 다큐 : 영화과를 졸업한 언니들과 나 + 수퍼 디스코,128,1,,다큐멘터리
346,2018 세종영화제 커튼콜섹션+시상식,127,1,,기타
347,제20회 대전독립영화제 연대와 유대의 초대 1,126,2,,드라마
347,제20회 대전독립영화제 연대와 유대의 초대 2,126,2,,기타
349,아수라,125,14,청소년관람불가,"범죄,액션"
350,PDFF2018 PDFF경선2,123,1,,기타
350,PDFF2018 PDFF경선3,123,1,,기타
350,PDFF2018 PDFF경선4,123,1,,기타
350,PDFF2018 국내초청2,123,1,,기타
350,PDFF2018 장애인미디어운동1,123,1,,기타
350,PDFF2018 장애인미디어운동2,123,1,,기타
350,SPFF 2018 국내단편 2,123,2,,드라마
350,제12회 대단한 단편영화제 배우 특별전,123,3,,기타
350,초승달의 집,123,1,,다큐멘터리
359,신세계,122,3,청소년관람불가,"범죄,액션"
359,옆집누나들,122,20,청소년관람불가,멜로/로맨스
359,"오, 사랑",122,2,,다큐멘터리
359,자매의교환섹스,122,20,청소년관람불가,멜로/로맨스
363,가슴큰누나들,121,20,청소년관람불가,멜로/로맨스
364,가을이야기,120,1,,"가족,드라마"
364,미투 숨겨진 진실,120,20,청소년관람불가,기타
366,SIDOF2019_밤낮/463 Poem of the lost/우리 아버지께,119,2,,다큐멘터리
366,"SIDOF2019_부당, 쓰러지지 않는/보이지 않는 아이들/례",119,2,,다큐멘터리
366,맛있는 세자매,119,20,청소년관람불가,멜로/로맨스
366,보이지 않는 배우들,119,3,전체관람가,"다큐멘터리,드라마"
366,아가씨,119,3,청소년관람불가,"스릴러,드라마"
366,여대생들의은밀한아르바이트,119,20,청소년관람불가,멜로/로맨스
366,옆집소녀2,119,20,청소년관람불가,멜로/로맨스
366,착한 여동생,119,20,청소년관람불가,멜로/로맨스
374,와룡선생 상경기,118,8,,코미디
375,14th 필름다빈 프로젝트 : 류아벨 배우전,117,1,,드라마
375,SPFF 2018 국내단편 1,117,2,,기타
375,극장판 안녕 자두야,117,1,전체관람가,애니메이션
375,동갑내기 엄마,117,20,청소년관람불가,멜로/로맨스
379,[인디포럼2018] 신작전 03 내 갈 길을 가마,116,2,,기타
379,[인디포럼2018] 신작전 10 우리들의 21세기,116,2,,기타
379,장모의유혹,116,20,청소년관람불가,멜로/로맨스
382,정사 : 착한 숙모,115,20,청소년관람불가,멜로/로맨스
383,자매의은밀한스와핑-무삭제,113,20,청소년관람불가,멜로/로맨스
384,제20회 대전독립영화제 본선경쟁 섹션 1,112,2,,드라마
384,제20회 대전독립영화제 본선경쟁 섹션 2,112,2,,기타
384,제20회 대전독립영화제 본선경쟁 섹션 3,112,2,,드라마
384,제20회 대전독립영화제 본선경쟁 섹션 4,112,2,,기타
384,제20회 대전독립영화제 본선경쟁 섹션 5,112,2,,기타
384,제20회 대전독립영화제 본선경쟁 섹션 7,112,2,,드라마
384,"제20회 대전독립영화제 한국독립영화, 현재 진행형 1",112,2,,드라마
391,SIDOF2019_친밀한 가족/꽃피는 편지/우리보고 죽우란 말이냐,110,2,,다큐멘터리
391,강철비,110,2,15세이상관람가,"액션,드라마"
391,동생의 여자-무삭제,110,20,청소년관람불가,멜로/로맨스
391,맛있는 누나들,110,20,청소년관람불가,멜로/로맨스
391,아빠친구2,110,20,청소년관람불가,멜로/로맨스
391,엄마학개론,110,20,청소년관람불가,멜로/로맨스
391,후배부부와 교환섹스-무삭제,110,20,청소년관람불가,멜로/로맨스
398,그 여자의 죄가 아니다,109,6,,드라마
398,봉이 김선달,109,9,12세이상관람가,사극
400,SIFF2018-특별단편 2,108,2,,기타
400,장한몽,108,6,,
402,지옥화,106,8,미정,"멜로/로맨스,드라마,범죄"
402,카트,106,5,12세이상관람가,드라마
404,옵티그래프,105,2,,다큐멘터리
405,인디애니페스트 2018 독립보행 3,104,2,,애니메이션
406,엄마친구들 2,102,20,청소년관람불가,멜로/로맨스
407,인디애니페스트 2018 독립보행 1,101,2,,애니메이션
408,뷰티 인사이드,100,1,12세이상관람가,"판타지,멜로/로맨스"
408,설날,100,1,,드라마
410,SIFF2018-특별단편 1,98,2,,기타
411,경치 좋은 자리,97,3,,드라마
412,[인디포럼2018] 신작전 05 변하는 사랑,96,2,,기타
412,산나리,96,4,,다큐멘터리
414,오렌지필름 기획전 - do not reply,95,5,,기타
415,2018 중앙영화제 새벽,94,1,,기타
415,AISFF 2018 인디스토리 특별전 그룹3,94,1,,기타
415,원라인,94,4,15세이상관람가,범죄
418,판도라,93,1,12세이상관람가,"드라마,스릴러"
419,룸싸롱 맛있는 서비스,91,20,청소년관람불가,멜로/로맨스
419,착한 자매들,91,20,청소년관람불가,멜로/로맨스
421,침묵의 숲,90,1,,다큐멘터리
421,형,90,7,12세이상관람가,"코미디,드라마"
423,마지막 첫사랑_썸머프라이드시네마,88,2,,기타
423,아파트 생태계,88,5,,다큐멘터리
423,한국인을 관두는 법,88,3,,다큐멘터리
426,산딸기 4,84,3,연소자관람불가,"사극,성인물(에로)"
426,여친 언니,84,20,청소년관람불가,멜로/로맨스
428,노래방 : 화끈한 여자들,81,20,청소년관람불가,멜로/로맨스
429,13th 필름다빈 프로젝트 : 김현목 배우전,80,1,,기타
429,SIDOF2019_상/적막의 경관/야경,80,2,,다큐멘터리
429,개인교수 : 성적 올리기,80,20,청소년관람불가,멜로/로맨스
432,귀신과 함께 춤을,79,1,청소년관람불가,"멜로/로맨스,코미디"
432,제12회 대단한 단편영화제 감독 특별전,79,3,,기타
434,[인디포럼2018] 신작전 11 이상한 나라의 하우스,78,2,,기타
434,장수상회,78,7,12세이상관람가,"멜로/로맨스,드라마"
436,엄마친구 5,77,21,청소년관람불가,멜로/로맨스
436,착한 엄마 2,77,20,청소년관람불가,멜로/로맨스
438,15th 필름다빈 프로젝트: 김시은 배우전,76,2,,기타
438,[인디포럼2018] 신작전 09 스스로를 지키는 법,76,2,,기타
438,오렌지필름 기획전 - 아마도 계속 될 이야기,76,5,,드라마
438,제12회 대단한 단편영화제 단편 경쟁 섹션 1,76,3,,기타
438,제6회 광진인권행동영화제 단편1,76,1,,드라마
438,제6회 광진인권행동영화제 단편2,76,1,,드라마
444,제12회 대단한 단편영화제 단편 경쟁 섹션 3,75,3,,기타
444,탐정 홍길동: 사라진 마을,75,1,15세이상관람가,"드라마,액션"
446,오렌지필름 기획전-핑퐁,73,7,,드라마
446,정사 : 자매의 유혹,73,20,청소년관람불가,멜로/로맨스
448,10월 단편 상상극장-제12회 대단한 단편영화제 수상작 모음,72,5,,기타
448,여교사 : 제자와의 사랑,72,20,청소년관람불가,멜로/로맨스
448,제12회 대단한 단편영화제 단편 경쟁 섹션 4,72,3,,기타
451,[인디포럼2018] 신작전 08 세상의 중심에서 나를 외치다,71,2,,기타
451,내 여자친구의 엄마,71,20,청소년관람불가,멜로/로맨스
451,밀애 : 아내의 여동생,71,20,청소년관람불가,멜로/로맨스
451,인디애니페스트 2018 독립보행 2,71,2,,애니메이션
455,AISFF 2018 인디스토리 특별전 그룹2,70,1,,드라마
455,[인디포럼2018] 신작전 12 탐구생활: 움직이는 마음,70,2,,기타
455,남자가 사랑할 때,70,1,15세이상관람가,"멜로/로맨스,드라마"
455,내 학생의 엄마 3,70,21,청소년관람불가,멜로/로맨스
455,수상한 그녀,70,2,15세이상관람가,드라마
455,제20회 대전독립영화제 본 인 대전,70,1,,드라마
455,좋은 친구들,70,1,청소년관람불가,"범죄,드라마"
462,출간 기념 상영회,69,1,,기타
462,공공의 적,69,2,18세관람가,"범죄,액션"
462,구르는 돌처럼,69,9,,다큐멘터리
462,순정,69,7,12세이상관람가,드라마
462,스와핑 : 친구의 아내 2,69,20,청소년관람불가,멜로/로맨스
462,신혼부부의 성생활,69,20,청소년관람불가,멜로/로맨스
462,엄마의 유혹,69,20,청소년관람불가,멜로/로맨스
462,여친엄마 2,69,20,청소년관람불가,멜로/로맨스
462,연애 : 엄마친구,69,20,청소년관람불가,멜로/로맨스
462,오렌지필름 기획전 - 아름다운 것,69,5,,기타
462,젊은 엄마 친구,69,20,청소년관람불가,멜로/로맨스
462,정사 : 처제의 사랑,69,20,청소년관람불가,멜로/로맨스
474,제20회 부산독립영화제 - 경쟁2,68,2,,기타
475,오렌지필름 기획전 - 어느 것을 고를까요?,67,5,,기타
476,AISFF 2018 뉴필름메이커 그륩1,66,1,,기타
477,마이 리틀 히어로,63,2,전체관람가,드라마
477,임호준배우 상영회,63,1,,기타
479,열혈남아,62,2,15세관람가,"드라마,범죄,액션"
480,SIFF2018-특별단편 3,61,2,,기타
481,그녀와 아줌마의 동거,60,1,청소년관람불가,
481,리얼,60,2,청소년관람불가,액션
481,리얼라이저,60,1,청소년관람불가,"성인물(에로),코미디,판타지"
481,음란한 모델 무삭제판,60,1,청소년관람불가,멜로/로맨스
481,화끈한 홈서비스 무삭제판,60,1,청소년관람불가,멜로/로맨스
486,단편4: 여성의 시간들 ?인디피크닉2019,58,3,,기타
486,섹스하기 좋은 날 무삭제,58,20,청소년관람불가,멜로/로맨스
488,AISFF 2018 국내경쟁 그룹3,57,2,,기타
489,오렌지필름 3월 상영회 [눈을 감아보면],56,7,,기타
489,제19회 대전독립영화제 수상작 초청,56,1,,기타
489,"제20회 대전독립영화제 한국독립영화, 현재 진행형 2",56,1,,드라마
489,표적,56,1,15세이상관람가,"액션,드라마"
493,AISFF 2018 국내경쟁 그룹2,54,2,,기타
493,아내가 결혼했다,54,2,청소년관람불가,"멜로/로맨스,드라마"
493,우경,54,5,,
496,5월 단편 상상극장-강상우 감독전,53,4,,기타
496,"708호, 이등병의 편지",53,3,,다큐멘터리
496,SIFF2018-깜짝상영,53,1,,기타
496,SIFF2018-아카이브전 1,53,2,,기타
500,SIFF2018-통일기획전 7,52,1,,다큐멘터리
500,오렌지필름 기획전 - 위대한 귀여움에 대하여,52,7,,기타
502,오렌지필름 기획전- 지금 당장! 김나경!,51,5,,기타
502,옥탑방열기,51,2,12세이상관람가,다큐멘터리
502,제20회 부산독립영화제 - 경쟁4,51,2,,기타
505,Diff 2018 경쟁1,50,2,,드라마
505,제12회 대단한 단편영화제 단편 초청 섹션 1,50,2,,기타
507,[인디포럼2018] 신작전 07 성인이 되는 길,49,2,,기타
507,낮은 목소리 3 : 숨결,49,3,전체관람가,다큐멘터리
507,주홍글씨,49,3,18세관람가,"스릴러,멜로/로맨스"
510,Diff 2018 경쟁3,48,2,,드라마
510,무녀도,48,1,12세이상관람가,"뮤지컬,애니메이션"
510,아저씨,48,3,청소년관람불가,"액션,드라마"
513,오늘도 위위,47,1,전체관람가,드라마
514,AISFF 2018 국내경쟁 그룹1,46,2,,기타
514,Diff 2018 경쟁4,46,2,,기타
514,외롭고 높고 쓸쓸한,46,6,,다큐멘터리
517,Diff 2018 경쟁8,45,2,,기타
517,이제는 퀴어 영화도 해피 엔딩!,45,2,,기타
517,파워배틀 와치카: 와치가면의 역습,45,13,전체관람가,애니메이션
520,Diff 2018 경쟁9,44,2,,기타
520,김씨표류기,44,2,12세이상관람가,"코미디,드라마"
520,라오스,44,2,,"코미디,드라마"
520,인디애니페스트 2018 한국 파노라마 - 괴물 혹은 영웅,44,3,,애니메이션
524,구름은 흘러도,43,1,,"드라마,가족"
524,비밀은 없다,43,1,청소년관람불가,스릴러
526,Diff 2018 로컬존,42,2,,드라마
526,[인디포럼2018] 작심사일,42,1,,기타
526,제12회 대단한 단편영화제 단편 경쟁 섹션 2,42,3,,기타
526,제20회 부산독립영화제 - 경쟁1,42,2,,기타
530,[인디포럼2018] 개막식,41,1,,기타
530,[인디포럼2018] 신작전 01 (그녀들의) 목소리,41,2,,기타
530,"[인디포럼2018] 포워드 04 영화, 공간 그리고 신체",41,2,,기타
530,제12회 대단한 단편영화제 단편 초청 섹션 2,41,2,,기타
534,Diff 2018 경쟁6,40,2,,드라마
535,FIWOM 2018 피움초이스1,39,1,,기타
535,물속에서 숨 쉬는 법,39,7,,드라마
537,김금순배우 상영회,38,1,,기타
537,"혜영, 혜영씨",38,1,,"드라마,멜로/로맨스"
539,3월 단편 상상극장-Women's March,37,4,,기타
539,제 17회 미쟝센 단편영화제 수상작 특별전 단편섹션 3,37,3,,기타
539,형슬우 감독 특별전(인디스데이),37,2,,기타
542,12월 단편 상상극장-2018 단편 명불허전,36,4,,기타
542,1월 수요단편극장 - 2018년을 빛낸 화제의 단편영화 넷,36,1,,기타
542,공조,36,2,15세이상관람가,액션
542,"단편1: 도시에서, 안녕하신가요? ?인디피크닉2019",36,3,,기타
542,더 가까이(인디스데이),36,9,,기타
542,백현진 단편 기획전,36,1,,드라마
548,[인디포럼2018] 신작전 02 끝까지 간다,35,2,,기타
548,커플즈,35,2,15세이상관람가,"멜로/로맨스,코미디"
550,[인디포럼2018] 신작전 04 몇 개의 나를 세워두고,34,2,,기타
550,단편2: 처음이 낯선 당신에게 ?인디피크닉2019,34,3,,드라마
550,워킹걸,34,1,청소년관람불가,"코미디,멜로/로맨스"
553,7호실,33,7,15세이상관람가,코미디
553,AIYOUTH 2018 경쟁 언더19 (2),33,2,,기타
553,Diff 2018 배우목격담,33,1,,드라마
553,오렌지필름 기획전-유지영 감독전,33,5,,기타
553,은밀한 유혹,33,1,15세이상관람가,"멜로/로맨스,범죄"
558,Diff 2018 경쟁7,32,2,,기타
558,[인디포럼2018] 신작전 06 사라지지 않을 이유,32,2,,기타
558,나도 때론 포르노그라피의 주인공이고 싶다 : 감독판,32,2,청소년관람불가,멜로/로맨스
558,제 17회 미쟝센 단편영화제 수상작 특별전 단편섹션 1,32,3,,기타
558,제20회 부산독립영화제 - 20주년 특별전 3,32,1,,기타
558,파파 오랑후탄,32,5,12세이상관람가,다큐멘터리
564,"6월 수요단편극장 레인보우, 일곱 빛깔의 사랑-퀴어 단편전",31,1,,기타
564,FIWOM 2018 피움초이스3,31,1,,드라마
564,김새벽 배우 특별전(인디스데이),31,11,,기타
564,심도,31,1,청소년관람불가,드라마
564,오렌지필름 기획전 - 주인공을 따라가줘!,31,4,,드라마
564,제 17회 미쟝센 단편영화제 수상작 특별전 단편섹션 2,31,3,,기타
564,제20회 부산독립영화제 - 경쟁3,31,2,,기타
571,[작은영화영화제] 대학영화: 반짝이는 영화의 시작,30,1,,기타
571,곽민규 X 김시은 배우전(인디스데이),30,7,,기타
571,낮은 목소리 2,30,3,연소자관람가,다큐멘터리
571,노래방 : 화끈한 여자들 무삭제,30,3,청소년관람불가,멜로/로맨스
571,독립영화 반짝반짝전 광주 단편,30,4,,드라마
571,제20회 부산독립영화제 - 20주년 특별전 1,30,1,,기타
577,AISFF 2018 인디스토리 특별전 그룹1,29,1,,드라마
578,거류,28,2,,다큐멘터리
578,최강전사 미니특공대 : 새로운 악당의 습격,28,9,전체관람가,애니메이션
580,영원한 제국,27,4,연소자관람가,"미스터리,사극"
580,이방인,27,1,,드라마
580,한해인 배우전,27,1,,기타
583,12월 수요단편극장-로맨스를 원해?!,26,1,,기타
583,Diff 2018 경쟁5,26,2,,기타
583,FIWOM 2018 피움초이스5,26,1,,드라마
583,[인디포럼2018] 포워드 01 사운드 퍼포먼스,26,2,,기타
583,"[작은영화영화제]부산독립영화제2018, 톺아보다",26,1,,기타
583,노무현입니다,26,2,12세이상관람가,다큐멘터리
589,[작은영화영화제]인디다큐페스티발 초대전,25,1,,기타
589,내 배우 영업전_강길우,25,8,,기타
589,뉴커런츠 신예 감독전(인디스데이),25,2,,기타
589,산불,25,1,미정,드라마
593,[작은영화영화제]인디포럼 초대전,24,1,,기타
593,사방지,24,1,연소자관람불가,사극
593,오렌지 필름 4월 상영회 [mixtape vol. 4],24,1,,드라마
596,[작은영화영화제]인디애니페스트 2018 초대전,23,1,,애니메이션
596,낯선 자들의 땅,23,4,15세이상관람가,기타
596,제20회 부산독립영화제 - 20주년 특별전 4,23,1,,기타
599,Diff 2018 경쟁2,22,2,,기타
599,정사 2018 무삭제,22,20,청소년관람불가,멜로/로맨스
599,침묵,22,8,,다큐멘터리
602,6월 단편 상상극장-TEAM OMOK,21,4,,기타
602,AIYOUTH 2018 경쟁 언더24 (2),21,2,,기타
602,Diff 2018 미드나잇 시네마,21,1,,기타
602,[네마프2018]한국 단편 4 - 장르의 가능성 I,21,2,,기타
602,경성학교: 사라진 소녀들,21,2,15세이상관람가,"미스터리,드라마"
602,단편3: 잃어버린 꿈을 찾아서 ?인디피크닉2019,21,3,,기타
602,룸싸롱 맛있는 서비스 무삭제,21,21,청소년관람불가,멜로/로맨스
602,친구 누나 3 무삭제,21,20,청소년관람불가,멜로/로맨스
602,하나가 되는 것은 더욱 커지는 일이다,21,2,12세이상관람가,다큐멘터리
611,4주년 mixtape vol.4(오렌지필름 기획전),20,2,,
611,거짓말 : 여자 모델의 섹스,20,20,청소년관람불가,멜로/로맨스
611,김숙현 감독전,20,2,,기타
611,내 동생의 아내,20,20,청소년관람불가,멜로/로맨스
611,내 아내의 언니 3,20,20,청소년관람불가,멜로/로맨스
611,내 아내의 엄마,20,20,청소년관람불가,멜로/로맨스
611,내 처제가 된 첫사랑 무삭제,20,20,청소년관람불가,멜로/로맨스
611,내 친구의 숙모,20,20,청소년관람불가,멜로/로맨스
611,누나 친구 3,20,20,청소년관람불가,멜로/로맨스
611,동호회의 목적 2,20,20,청소년관람불가,멜로/로맨스
611,맛있는 동거 무삭제,20,20,청소년관람불가,멜로/로맨스
611,밀애 2019 무삭제,20,20,청소년관람불가,멜로/로맨스
611,밀애 : 착한 형수,20,20,청소년관람불가,멜로/로맨스
611,불륜 동창회 2,20,20,청소년관람불가,멜로/로맨스
611,새엄마 3,20,20,청소년관람불가,멜로/로맨스
611,아내의 맛,20,20,청소년관람불가,멜로/로맨스
611,아내의 엄마 2 무삭제,20,20,청소년관람불가,멜로/로맨스
611,여직원들 : 직장 연애사 2,20,20,청소년관람불가,멜로/로맨스
611,연애 : 엄마친구 2,20,20,청소년관람불가,멜로/로맨스
611,음란가족,20,20,청소년관람불가,"드라마,멜로/로맨스"
611,잉여들의 역습(인디스데이),20,9,,기타
611,착한 친구아내,20,20,청소년관람불가,멜로/로맨스
611,출장 마사지 : 흥분한 여자들,20,20,청소년관람불가,멜로/로맨스
611,친구 아내 무삭제,20,20,청소년관람불가,멜로/로맨스
611,친절한 며느리 무삭제,20,20,청소년관람불가,멜로/로맨스
611,친절한 형수님,20,20,청소년관람불가,멜로/로맨스
637,4월 수요단편극장 - 본격! 청춘배우특집!,19,1,,기타
637,roooom,19,1,,
637,미용실 : 특별한 서비스 3,19,24,청소년관람불가,멜로/로맨스
637,영화로운 세계(인디스데이),19,2,,기타
637,인디포럼 월례비행 12월 단편선 : 연약한 마음의 힘,19,1,,기타
642,FIWOM 2018 피움초이스2,18,1,,기타
642,내 머리 속의 지우개,18,2,12세관람가,멜로/로맨스
642,오렌지필름 4주년,18,2,,기타
645,Diff 2018 특별섹션2,17,1,,드라마
645,김시은 배우 특별전(인디스데이),17,2,,기타
645,라디오 스타,17,1,12세관람가,드라마
645,최강전사 미니특공대: 영웅의 탄생,17,7,전체관람가,애니메이션
645,해변의 캐리어,17,3,,드라마
650,2월 단편 상상극장-임철민 감독전,16,3,,기타
650,Media art work screening 9월,16,2,,기타
650,[인디포럼2018] 폐막식,16,1,,기타
650,우리목소리_나만 없는 그곳,16,1,,드라마
650,처음쓰는 영화비평-단편모음1,16,1,,드라마
650,펀치볼,16,2,,다큐멘터리
650,할머니의 외출,16,1,,드라마
657,"2월 수요단편극장 - 내가 사는 세상, 내가 서 있는 자리",15,1,,기타
657,CADFF 2018 한국중단편영화,15,1,,기타
657,대구독립영화 연말정산 2018_신작전,15,1,,드라마
657,독립영화 반짝반짝전 대구 단편,15,6,,드라마
657,섹알마문 감독전,15,1,,기타
657,제주노트,15,3,,다큐멘터리
663,5월 수요단편극장 - 지금까지 이런 단편영화는 없었다: 장르三色,14,1,,기타
663,7월 수요단편극장 그녀와 극장에서: 이태경 배우 특별전,14,1,,기타
663,김시은 배우전,14,1,,기타
663,"어디에도, 당신의 자리(인디스데이)",14,2,,기타
667,김인선 감독 특별전(인디스데이),13,2,,기타
667,단편섹션 1(박종환 배우전),13,2,,기타
667,단편섹션 2(박종환 배우전),13,2,,기타
667,벼꽃,13,3,,다큐멘터리
667,변호인,13,2,15세이상관람가,드라마
667,제20회 부산독립영화제 - 20주년 특별전 2,13,1,,기타
667,조선명탐정: 흡혈괴마의 비밀,13,2,12세이상관람가,"사극,어드벤처,코미디"
674,[네마프2018] 한국 단편 3 - 대안적 네러티브 II,12,2,,기타
674,인디포럼 월례비행 10월 : 송주원 단편선,12,1,,기타
676,"4월 다큐, 싶다(다큐, 싶다)",11,1,,다큐멘터리
676,8월 단편 상상극장-장르: 힙합,11,3,,기타
676,"9월 수요단편극장 - 특별한 조합, 특별한 케미 : 그 가족의 사정",11,1,,기타
676,[인디포럼2018] 포워드 03 김숙현의 실험과 현재,11,2,,기타
676,광인,11,9,,기타
676,미쓰 홍당무,11,1,청소년관람불가,"드라마,코미디"
676,범죄도시,11,7,청소년관람불가,"범죄,액션"
676,파산의 기술,11,1,15세이상관람가,다큐멘터리
684,AIYOUTH 2018 경쟁 언더24 (1),10,1,,기타
684,SIDOF 발견과 주목-도시 (재)개발의 기억들,10,1,,기타
684,[네마프2018] 한국 단편 5- 장르의 가능성 II,10,2,,기타
684,대구독립영화 연말정산 2018_시작한 자가 구하라,10,1,,드라마
684,어린 처제,10,1,청소년관람불가,멜로/로맨스
684,오오극장 관객프로그래머 초이스! - 최진영 감독 단편전,10,1,,기타
684,용산 남일당 이야기,10,1,,다큐멘터리
684,핵마피아,10,5,,다큐멘터리
692,11월 단편 상상극장-아파트에서 생긴 일,9,4,,기타
692,"11월 수요단편극장-어느 가을, 방황의 끝에서",9,1,,기타
692,"9월 SIDOF 발견과 주목 [청년, 서울 탈출을 꿈꾸다]",9,1,,기타
692,Media art work screening 6월,9,2,,기타
692,[네마프2018] 뉴미디어대안영화 단편,9,1,,기타
692,[네마프2018] 한국 단편 2 - 대안적 네러티브 I,9,2,,기타
692,떠나지 못하는 사람들 - 끝나지 않은 이야기,9,1,12세이상관람가,다큐멘터리
692,이브들의 발칙한 수다,9,1,청소년관람불가,"멜로/로맨스,코미디"
692,최창환 감독 단편전,9,1,,드라마
701,SIDOF 발견과 주목 - 일상 속의 성정치학,8,1,,기타
701,[네마프2018] 한국 단편 7- 인권과 네러티브,8,2,,기타
701,대구독립영화 연말정산 2018_애플시네마,8,1,,기타
701,바람 바람 바람,8,10,청소년관람불가,코미디
705,[네마프2018] 한국 단편 6 - 젠더와 네러티브,7,2,,기타
705,돈오,7,1,,드라마
705,마이 스윗 홈 - 국가는 폭력이다,7,1,,다큐멘터리
705,제20회 부산독립영화제 - 딥포커스 1,7,1,,기타
709,AIYOUTH 2018 경쟁 언더19 (1),6,1,,기타
709,곽민규 배우전,6,1,,드라마
709,나무가 나에게,6,1,,다큐멘터리
709,내장 토끼,6,1,,애니메이션
709,두 번째 행군,6,5,,다큐멘터리
709,이란희 단편선_I 독립영화여성감독전,6,1,,드라마
715,10월 수요단편극장 “아주 고약한 교실”,5,1,,기타
715,[네마프2018] 한국 단편 1- 몸짓 영화,5,2,,기타
715,[인디포럼2018] 포워드 02 박병래의 놀이와 기억,5,2,,기타
715,세 발 까마귀,5,1,,다큐멘터리
715,오렌지필름 기획전 ? MIX TAPE VOL.4,5,1,,기타
715,제20회 부산독립영화제 - 지역독립영화초청,5,1,,기타
721,FIWOM 2018 피움초이스4,4,1,,드라마
721,Media art work screening 12월,4,1,,기타
721,용산 337가지로 표현하기 : 촛불 방송국 레아,4,1,12세이상관람가,다큐멘터리
721,제20회 부산독립영화제 - 딥포커스 4,4,1,,기타
725,김지현 단편선_I 독립영화여성감독전,3,1,,드라마
725,낮은 목소리 - 아시아에서 여성으로 산다는 것,3,2,연소자관람가,다큐멘터리
725,눈부신 하루,3,1,15세관람가,드라마
725,맛있는 동거,3,3,청소년관람불가,멜로/로맨스
725,엄마의 유혹 무삭제,3,3,청소년관람불가,멜로/로맨스
725,제20회 부산독립영화제 - 딥포커스 2,3,1,,기타
731,"12월 SIDOF 발견과 주목 [광장의 촛불, 그 후]",2,1,,다큐멘터리
731,22일간의 고백,2,1,,다큐멘터리
731,8월 수요단편극장 우주를 동경하는 열여덟반 - 아무도 날 알아주지 않았기에,2,1,,기타
731,CADFF 2018 단편경쟁본선작 1,2,1,,기타
731,"남자, 화장을 하다 : 아이 원트 제로지",2,2,,다큐멘터리
731,동생의착한아내,2,2,청소년관람불가,멜로/로맨스
731,레이디버그,2,2,전체관람가,"애니메이션,액션,어드벤처"
731,맛섹 은밀한 경험 - 무삭제판,2,2,청소년관람불가,멜로/로맨스
731,애국자 게임,2,1,15세이상관람가,다큐멘터리
731,어린 누나-무삭제판,2,2,청소년관람불가,멜로/로맨스
731,어머니의 보랏빛 손수건,2,1,,다큐멘터리
731,엄마 친구들과의 정사,2,2,청소년관람불가,멜로/로맨스
731,옆집누나들-무삭제,2,2,청소년관람불가,멜로/로맨스
731,프리즈마,2,1,,"다큐멘터리,드라마,판타지"
731,피로,2,1,,드라마
746,CADFF 2018 단편경쟁본선작 2,1,1,,기타
746,가슴큰누나들-무삭제,1,1,청소년관람불가,멜로/로맨스
746,가정부 : 맛있는 서비스,1,1,청소년관람불가,멜로/로맨스
746,가정부 : 맛있는 서비스 무삭제,1,1,청소년관람불가,멜로/로맨스
746,개인교수 : 성적 올리기 무삭제,1,1,청소년관람불가,멜로/로맨스
746,개인교수 : 여친 만족 시키기,1,1,청소년관람불가,멜로/로맨스
746,개인교수 : 여친 만족 시키기 무삭제,1,1,청소년관람불가,멜로/로맨스
746,검은비: 악의연대기,1,1,청소년관람불가,액션
746,과외의 추억-무삭제,1,1,청소년관람불가,멜로/로맨스
746,관계 : 형수와 딸,1,1,청소년관람불가,멜로/로맨스
746,교환섹스 : 동생의 여자 무삭제,1,1,청소년관람불가,멜로/로맨스
746,교회누나 무삭제판,1,1,청소년관람불가,"멜로/로맨스,드라마"
746,그녀의 색맛: 무삭제판,1,1,청소년관람불가,멜로/로맨스
746,나의 젊은 형수님,1,1,청소년관람불가,멜로/로맨스
746,남편 교환의 날,1,1,청소년관람불가,멜로/로맨스
746,내 사촌 누나,1,1,청소년관람불가,드라마
746,내 사촌 여동생들,1,1,청소년관람불가,멜로/로맨스
746,내 사촌 여동생들 (감독판),1,1,청소년관람불가,멜로/로맨스
746,내 엄마의 친구(무삭제),1,1,청소년관람불가,멜로/로맨스
746,내 여자친구의 엄마 무삭제,1,1,청소년관람불가,멜로/로맨스
746,내 착한 새엄마,1,1,청소년관람불가,멜로/로맨스
746,내 착한 새엄마 (감독판),1,1,청소년관람불가,멜로/로맨스
746,내 처제가 된 첫사랑,1,1,청소년관람불가,멜로/로맨스
746,내 친구 엄마 무삭제,1,1,청소년관람불가,멜로/로맨스
746,내 친구엄마들 2018,1,1,청소년관람불가,멜로/로맨스
746,내 친구엄마들 2018 (감독판),1,1,청소년관람불가,멜로/로맨스
746,내 친구의 엄마들,1,1,청소년관람불가,멜로/로맨스
746,내 친구의 엄마들(감독판),1,1,청소년관람불가,멜로/로맨스
746,내 학생의 엄마 3 무삭제,1,1,청소년관람불가,멜로/로맨스
746,내아내의제자들,1,1,청소년관람불가,멜로/로맨스
746,내아내의제자들-무삭제,1,1,청소년관람불가,멜로/로맨스
746,내아들의여자들,1,1,청소년관람불가,멜로/로맨스
746,내아들의여자들-무삭제,1,1,청소년관람불가,멜로/로맨스
746,내여자의 정사-무삭제판,1,1,청소년관람불가,멜로/로맨스
746,내친구의두엄마,1,1,청소년관람불가,멜로/로맨스
746,내친구의두엄마-무삭제,1,1,청소년관람불가,멜로/로맨스
746,너무 밝히는 사촌누나들,1,1,청소년관람불가,멜로/로맨스
746,너무 밝히는 사촌누나들(감독판),1,1,청소년관람불가,멜로/로맨스
746,누나의 비디오,1,1,청소년관람불가,성인물(에로)
746,동갑내기 엄마-무삭제,1,1,청소년관람불가,멜로/로맨스
746,동생의 여자,1,1,청소년관람불가,멜로/로맨스
746,동생의 여자들,1,1,청소년관람불가,"멜로/로맨스,드라마"
746,동생의착한아내-무삭제,1,1,청소년관람불가,멜로/로맨스
746,두 부부의 정사 무삭제,1,1,청소년관람불가,멜로/로맨스
746,두 엄마 2018,1,1,청소년관람불가,멜로/로맨스
746,두 엄마 2018 (감독판),1,1,청소년관람불가,멜로/로맨스
746,딸의 애인-무삭제판,1,1,청소년관람불가,멜로/로맨스
746,룸싸롱 여대생들 무삭제,1,1,청소년관람불가,멜로/로맨스
746,리턴,1,1,청소년관람불가,
746,마지막 정사: 여럿이 다같이-감독판,1,1,청소년관람불가,멜로/로맨스
746,맛있는 세자매-무삭제,1,1,청소년관람불가,멜로/로맨스
746,맛있는 섹스 그리고 그 여자-감독판,1,1,청소년관람불가,멜로/로맨스
746,맛있는 섹스 누나 친구-무삭제판,1,1,청소년관람불가,멜로/로맨스
746,맛있는 아내(무삭제판),1,1,청소년관람불가,멜로/로맨스
746,맛있는누나들-무삭제,1,1,청소년관람불가,멜로/로맨스
746,매력적인 장모님들,1,1,청소년관람불가,멜로/로맨스
746,매력적인 장모님들 (감독판),1,1,청소년관람불가,멜로/로맨스
746,물좋은하숙집,1,1,청소년관람불가,멜로/로맨스
746,물좋은하숙집-무삭제,1,1,청소년관람불가,멜로/로맨스
746,물좋은하숙집2,1,1,청소년관람불가,멜로/로맨스
746,물좋은하숙집2-무삭제,1,1,청소년관람불가,멜로/로맨스
746,미용실 : 특별한 서비스 2 무삭제,1,1,청소년관람불가,멜로/로맨스
746,미투 숨겨진진실 무삭제,1,1,청소년관람불가,
746,밀애 : 부부카풀 무삭제,1,1,청소년관람불가,멜로/로맨스
746,밀애 : 사장님의 젊은 아내 무삭제,1,1,청소년관람불가,멜로/로맨스
746,밀애 : 아내의 여동생 무삭제판,1,1,청소년관람불가,멜로/로맨스
746,밀애 : 착한 형수 무삭제,1,1,청소년관람불가,멜로/로맨스
746,밀애 : 친구엄마 무삭제판,1,1,청소년관람불가,멜로/로맨스
746,밀애 : 친구의 아내 무삭제,1,1,청소년관람불가,멜로/로맨스
746,바람난 아내들,1,1,청소년관람불가,멜로/로맨스
746,바람난 아내들-무삭제,1,1,청소년관람불가,멜로/로맨스
746,바람난 아내들2,1,1,청소년관람불가,멜로/로맨스
746,바람난 아내들2-무삭제,1,1,청소년관람불가,멜로/로맨스
746,바람난 여자들2 무삭제,1,1,청소년관람불가,멜로/로맨스
746,불륜 동창회 무삭제,1,1,청소년관람불가,멜로/로맨스
746,비밀정사:작은엄마 무삭제,1,1,청소년관람불가,멜로/로맨스
746,사돈처녀 - 무삭제판,1,1,청소년관람불가,멜로/로맨스
746,사촌 누나 무삭제,1,1,청소년관람불가,멜로/로맨스
746,사촌 여동생들: 금단의 사랑(무삭제),1,1,청소년관람불가,멜로/로맨스
746,사촌누나들 무삭제,1,1,청소년관람불가,멜로/로맨스
746,사촌여동생들,1,1,청소년관람불가,멜로/로맨스
746,사촌여동생들-무삭제,1,1,청소년관람불가,멜로/로맨스
746,사춘기 여동생,1,1,청소년관람불가,멜로/로맨스
746,사춘기 여동생 무삭제판,1,1,청소년관람불가,멜로/로맨스
746,상류시대 무삭제판,1,1,청소년관람불가,"드라마,멜로/로맨스"
746,새아빠,1,1,청소년관람불가,멜로/로맨스
746,새아빠 무삭제,1,1,청소년관람불가,멜로/로맨스
746,새엄마 2 무삭제,1,1,청소년관람불가,멜로/로맨스
746,새엄마는 전여친 무삭제,1,1,청소년관람불가,멜로/로맨스
746,새오빠2 무삭제,1,1,청소년관람불가,멜로/로맨스
746,선녀는 몸으로 운다-무삭제판,1,1,청소년관람불가,멜로/로맨스
746,섹스 인 더 게임 무삭제판,1,1,청소년관람불가,
746,섹스는 맛있다,1,1,청소년관람불가,
746,섹스는 맛있다 무삭제판,1,1,청소년관람불가,
746,섹스의 목적-무삭제판,1,1,청소년관람불가,멜로/로맨스
746,섹스하기 좋은 날,1,1,청소년관람불가,멜로/로맨스
746,소희의은근히꼴리는사생활,1,1,청소년관람불가,멜로/로맨스
746,수상한 아가씨,1,1,청소년관람불가,기타
746,스와핑 : 친구부부의 쾌락 2,1,1,청소년관람불가,멜로/로맨스
746,스와핑 : 친구부부의 쾌락 2 무삭제,1,1,청소년관람불가,멜로/로맨스
746,스와핑 : 친구의 아내 2 무삭제,1,1,청소년관람불가,멜로/로맨스
746,스와핑 민박집- 무삭제판,1,1,청소년관람불가,멜로/로맨스
746,스와핑: 교수와 제자들,1,1,청소년관람불가,멜로/로맨스
746,시아의 몽정기,1,1,청소년관람불가,멜로/로맨스
746,시아의 몽정기-무삭제,1,1,청소년관람불가,멜로/로맨스
746,신혼부부의 성생활 무삭제,1,1,청소년관람불가,멜로/로맨스
746,아내의 맛 무삭제판,1,1,청소년관람불가,멜로/로맨스
746,아내의 애인 2 무삭제,1,1,청소년관람불가,멜로/로맨스
746,아내의 엄마 2,1,1,청소년관람불가,멜로/로맨스
746,아내의 엄마 무삭제,1,1,청소년관람불가,멜로/로맨스
746,아내의 엄마들,1,1,청소년관람불가,멜로/로맨스
746,아내의 엄마들(감독판),1,1,청소년관람불가,멜로/로맨스
746,아빠친구2-무삭제판,1,1,청소년관람불가,멜로/로맨스
746,알래스카 북극곰(무삭제판),1,1,청소년관람불가,"멜로/로맨스,드라마,코미디"
746,애인 : 아내의 남자 무삭제,1,1,청소년관람불가,멜로/로맨스
746,야한 짓 : 무삭제판,1,1,청소년관람불가,멜로/로맨스
746,어린 누나 2 - 무삭제판,1,1,청소년관람불가,멜로/로맨스
746,어린 사촌 여동생들,1,1,청소년관람불가,멜로/로맨스
746,어린 새엄마-감독판,1,1,청소년관람불가,멜로/로맨스
746,어린 새엄마들,1,1,청소년관람불가,멜로/로맨스
746,어린 새엄마들 (감독판),1,1,청소년관람불가,멜로/로맨스
746,어린 엄마 2 - 무삭제판,1,1,청소년관람불가,멜로/로맨스
746,어린 이모 - 무삭제판,1,1,청소년관람불가,멜로/로맨스
746,어린 장모들,1,1,청소년관람불가,멜로/로맨스
746,어린 장모들 (감독판),1,1,청소년관람불가,멜로/로맨스
746,어린 제부 2019,1,1,청소년관람불가,멜로/로맨스
746,어린 제부 2019 (감독판),1,1,청소년관람불가,멜로/로맨스
746,어린 처제 - 무삭제판,1,1,청소년관람불가,멜로/로맨스
746,어린 처제 2 - 무삭제판,1,1,청소년관람불가,멜로/로맨스
746,어린 처형- 무삭제판,1,1,청소년관람불가,멜로/로맨스
746,어린 형수,1,1,청소년관람불가,멜로/로맨스
746,어린 형수 4-무삭제판,1,1,청소년관람불가,멜로/로맨스
746,어린 형수님들,1,1,청소년관람불가,멜로/로맨스
746,어린 형수님들 (감독판),1,1,청소년관람불가,멜로/로맨스
746,어린장모-무삭제,1,1,청소년관람불가,멜로/로맨스
746,어쩌다 옥탑방,1,1,15세이상관람가,"SF,판타지"
746,엄마 애인 2 - 무삭제판,1,1,청소년관람불가,멜로/로맨스
746,엄마 친구들과의 정사(감독판),1,1,청소년관람불가,멜로/로맨스
746,엄마의 연애 무삭제,1,1,청소년관람불가,멜로/로맨스
746,엄마의 정사,1,1,청소년관람불가,멜로/로맨스
746,엄마의 정사 무삭제,1,1,청소년관람불가,멜로/로맨스
746,엄마친구 4 무삭제,1,1,청소년관람불가,멜로/로맨스
746,엄마친구 5 무삭제판,1,1,청소년관람불가,멜로/로맨스
746,엄마친구들 2 무삭제,1,1,청소년관람불가,멜로/로맨스
746,엄마친구의맛,1,1,청소년관람불가,멜로/로맨스
746,엄마친구의맛-무삭제,1,1,청소년관람불가,멜로/로맨스
746,여교사 : 제자와의 사랑 무삭제,1,1,청소년관람불가,멜로/로맨스
746,여기어때 빈방있나요,1,1,청소년관람불가,멜로/로맨스
746,여배우와 동거-무삭제,1,1,청소년관람불가,멜로/로맨스
746,여선생2 무삭제,1,1,청소년관람불가,코미디
746,여자 하숙집2 무삭제,1,1,청소년관람불가,멜로/로맨스
746,여직원들 : 2대2 섹스,1,1,청소년관람불가,멜로/로맨스
746,여직원들 : 2대2 섹스 무삭제,1,1,청소년관람불가,멜로/로맨스
746,여친 언니 무삭제,1,1,청소년관람불가,멜로/로맨스
746,여친 엄마 3,1,1,청소년관람불가,멜로/로맨스
746,여친엄마 2 무삭제,1,1,청소년관람불가,멜로/로맨스
746,연애 : 엄마친구 무삭제,1,1,청소년관람불가,멜로/로맨스
746,옆집소녀2-무삭제,1,1,청소년관람불가,멜로/로맨스
746,예쁜 며느리,1,1,청소년관람불가,멜로/로맨스
746,예쁜 처제들 2018,1,1,청소년관람불가,멜로/로맨스
746,예쁜 처제들 2018 (감독판),1,1,청소년관람불가,멜로/로맨스
746,예쁜누나(감독판),1,1,청소년관람불가,멜로/로맨스
746,오르가즘 레스토랑,1,1,청소년관람불가,
746,오르가즘 레스토랑 무삭제판,1,1,청소년관람불가,
746,외도에 빠진 아내,1,1,청소년관람불가,기타
746,유부녀들의 맛 무삭제판,1,1,청소년관람불가,멜로/로맨스
746,자매의교환섹스-무삭제,1,1,청소년관람불가,멜로/로맨스
746,자매의은밀한스와핑,1,1,청소년관람불가,멜로/로맨스
746,작은 엄마들,1,1,청소년관람불가,멜로/로맨스
746,작은 엄마들(무삭제),1,1,청소년관람불가,멜로/로맨스
746,잘주는 누나들,1,1,청소년관람불가,멜로/로맨스
746,잘주는 여비서들,1,1,청소년관람불가,드라마
746,장모님들,1,1,청소년관람불가,멜로/로맨스
746,장모님들 (감독판),1,1,청소년관람불가,멜로/로맨스
746,장모님의 개인교습,1,1,청소년관람불가,멜로/로맨스
746,장모님의 개인교습 (감독판),1,1,청소년관람불가,멜로/로맨스
746,장모의유혹-무삭제,1,1,청소년관람불가,멜로/로맨스
746,장모학개론-무삭제,1,1,청소년관람불가,멜로/로맨스
746,젊은 누나-무삭제판,1,1,청소년관람불가,멜로/로맨스
746,젊은 엄마 친구 무삭제판,1,1,청소년관람불가,멜로/로맨스
746,젊은 장모님들,1,1,청소년관람불가,멜로/로맨스
746,젊은 처제들,1,1,청소년관람불가,멜로/로맨스
746,젊은 처제들 (감독판),1,1,청소년관람불가,멜로/로맨스
746,젊은 처형: 그녀를 탐하다,1,1,청소년관람불가,멜로/로맨스
746,젊은 처형: 그녀를 탐하다(무삭제),1,1,청소년관람불가,멜로/로맨스
746,젊은 형수 2,1,1,청소년관람불가,멜로/로맨스
746,젊은 형수 2 무삭제,1,1,청소년관람불가,멜로/로맨스
746,젊은 형수님: 내 여자가 되던 날,1,1,청소년관람불가,멜로/로맨스
746,젊은 형수님: 내 여자가 되던 날 -무삭제판,1,1,청소년관람불가,멜로/로맨스
746,젊은 형수님들 (감독판),1,1,청소년관람불가,멜로/로맨스
746,젊은형수님들,1,1,청소년관람불가,멜로/로맨스
746,접대 전문 여비서,1,1,청소년관람불가,드라마
746,정사 2018,1,1,청소년관람불가,멜로/로맨스
746,정사 : 사촌 여동생들,1,1,청소년관람불가,멜로/로맨스
746,정사 : 사촌 여동생들 무삭제,1,1,청소년관람불가,멜로/로맨스
746,정사 : 시아버지와 도련님 무삭제,1,1,청소년관람불가,멜로/로맨스
746,정사 : 아내의 친구 무삭제,1,1,청소년관람불가,멜로/로맨스
746,정사 : 어린 새엄마 무삭제,1,1,청소년관람불가,드라마
746,정사 : 은밀한 밀애-무삭제판,1,1,청소년관람불가,멜로/로맨스
746,정사 : 자매의 유혹 무삭제,1,1,청소년관람불가,멜로/로맨스
746,정사 : 착한 며느리들 2 무삭제,1,1,청소년관람불가,멜로/로맨스
746,정사 : 착한 숙모 무삭제,1,1,청소년관람불가,멜로/로맨스
746,정사 : 처제의 사랑 무삭제편,1,1,청소년관람불가,멜로/로맨스
746,정사 : 친구의 엄마 2 무삭제,1,1,청소년관람불가,멜로/로맨스
746,정사 : 친구의 여자를 탐하다,1,1,청소년관람불가,멜로/로맨스
746,정사 : 친구의 여자를 탐하다 무삭제,1,1,청소년관람불가,멜로/로맨스
746,정사 : 캠퍼스 커플 무삭제,1,1,청소년관람불가,멜로/로맨스
746,제주도 야한밤 무삭제,1,1,청소년관람불가,
746,조건아빠:슈가대디 무삭제판,1,1,청소년관람불가,멜로/로맨스
746,중독: 관음증-무삭제판,1,1,청소년관람불가,멜로/로맨스
746,진주의순결상실,1,1,청소년관람불가,멜로/로맨스
746,진주의순결상실-무삭제,1,1,청소년관람불가,멜로/로맨스
746,짱,1,1,청소년관람불가,액션
746,착한 사촌 여동생,1,1,청소년관람불가,드라마
746,착한 엄마 2 무삭제,1,1,청소년관람불가,멜로/로맨스
746,착한 엄마친구 2 무삭제,1,1,청소년관람불가,멜로/로맨스
746,착한 여동생-무삭제,1,1,청소년관람불가,멜로/로맨스
746,착한 자매들 무삭제판,1,1,청소년관람불가,멜로/로맨스
746,착한 장모 (무삭제),1,1,청소년관람불가,멜로/로맨스
746,착한 장모님들과의 정사,1,1,청소년관람불가,멜로/로맨스
746,착한 장모님들과의 정사(감독판),1,1,청소년관람불가,멜로/로맨스
746,착한 장모들(무삭제),1,1,청소년관람불가,멜로/로맨스
746,착한 처제들 2018,1,1,청소년관람불가,멜로/로맨스
746,착한 처제들 2018 (감독판),1,1,청소년관람불가,멜로/로맨스
746,착한 친구아내 무삭제,1,1,청소년관람불가,멜로/로맨스
746,착한 친구엄마 (무삭제),1,1,청소년관람불가,멜로/로맨스
746,착한 형수 3 무삭제,1,1,청소년관람불가,멜로/로맨스
746,착한 형수 : 내 여자가 되던 날,1,1,청소년관람불가,멜로/로맨스
746,착한 형수 : 내 여자가 되던 날 무삭제,1,1,청소년관람불가,멜로/로맨스
746,착한 형수 : 뜨거운 유혹 무삭제,1,1,청소년관람불가,멜로/로맨스
746,착한여선생,1,1,청소년관람불가,멜로/로맨스
746,착한여선생-무삭제,1,1,청소년관람불가,멜로/로맨스
746,착한여자친구,1,1,청소년관람불가,멜로/로맨스
746,착한여자친구-무삭제,1,1,청소년관람불가,멜로/로맨스
746,착한형수의사정,1,1,청소년관람불가,멜로/로맨스
746,착한형수의사정-무삭제,1,1,청소년관람불가,멜로/로맨스
746,처제와 형수들,1,1,청소년관람불가,멜로/로맨스
746,처제와 형수들 (감독판),1,1,청소년관람불가,멜로/로맨스
746,처제와의 정사,1,1,청소년관람불가,멜로/로맨스
746,처제와의 정사 무삭제,1,1,청소년관람불가,멜로/로맨스
746,처제의 은밀한 유혹,1,1,청소년관람불가,멜로/로맨스
746,처제의 은밀한 유혹 무삭제,1,1,청소년관람불가,멜로/로맨스
746,초대녀 - 무삭제판,1,1,청소년관람불가,멜로/로맨스
746,초대녀 2 - 무삭제판,1,1,청소년관람불가,멜로/로맨스
746,친구 누나 3,1,1,청소년관람불가,멜로/로맨스
746,친구 딸들의 맛,1,1,청소년관람불가,멜로/로맨스
746,친구 딸들의 맛(감독판),1,1,청소년관람불가,멜로/로맨스
746,친구 아내,1,1,청소년관람불가,멜로/로맨스
746,친구 엄마들 2018,1,1,청소년관람불가,멜로/로맨스
746,친구 엄마들 2018 (감독판),1,1,청소년관람불가,멜로/로맨스
746,친구 엄마들의 맛,1,1,청소년관람불가,멜로/로맨스
746,친구 엄마들의 맛 (감독판),1,1,청소년관람불가,멜로/로맨스
746,친구누나2 무삭제,1,1,청소년관람불가,멜로/로맨스
746,친구아빠 2,1,1,청소년관람불가,멜로/로맨스
746,친구엄마 2018 (무삭제),1,1,청소년관람불가,멜로/로맨스
746,친구엄마 : 내 여자가 되던 날 무삭제,1,1,청소년관람불가,멜로/로맨스
746,친구엄마 : 섹스 하던 날 무삭제,1,1,청소년관람불가,멜로/로맨스
746,친구엄마 : 은밀한 정사,1,1,청소년관람불가,멜로/로맨스
746,친구엄마 : 은밀한 정사 무삭제,1,1,청소년관람불가,멜로/로맨스
746,친구엄마 그리고 정사-감독판,1,1,청소년관람불가,멜로/로맨스
746,친구엄마: 여자친구의 엄마를 탐하다(무삭제),1,1,청소년관람불가,멜로/로맨스
746,친구엄마들 무삭제,1,1,청소년관람불가,멜로/로맨스
746,친구엄마들: 맛있는 섹스,1,1,청소년관람불가,멜로/로맨스
746,친구엄마들: 맛있는 섹스(감독판),1,1,청소년관람불가,멜로/로맨스
746,친구의젊은엄마,1,1,청소년관람불가,멜로/로맨스
746,팀장님의 아내,1,1,청소년관람불가,"멜로/로맨스,드라마"
746,폰섹스의 덫- 무삭제판,1,1,청소년관람불가,멜로/로맨스
746,하숙집 여자들 무삭제,1,1,청소년관람불가,멜로/로맨스
746,하숙집 여주인의 목적-무삭제판,1,1,청소년관람불가,멜로/로맨스
746,학생의 엄마 : 첫 섹스 하던 날 2,1,1,청소년관람불가,멜로/로맨스
746,후배부부와 교환섹스,1,1,청소년관람불가,멜로/로맨스
1017,10회 대구사회복지영화제 단편극 1,0,2,,드라마
1017,10회 대구사회복지영화제 단편극 2,0,2,,드라마
1017,10회 대구사회복지영화제 단편극 3,0,2,,"드라마,애니메이션"
1017,10회 대구사회복지영화제 단편다큐,0,2,,다큐멘터리
1017,10회 대구사회복지영화제 페루자 +산책가,0,2,,애니메이션
1017,12번째 보조사제,0,1,,"공포(호러),판타지"
1017,12월 단편 상상극장-강유가람 감독전,0,1,,기타
1017,2018 전북독립영화제 폐막식 + 폐막작,0,1,,기타
1017,Diff 2018 특별섹션1,0,1,,드라마
1017,「딸에 대하여」 책과 영화의 만남 - 단편모음(섹션 1),0,1,,기타
1017,「딸에 대하여」 책과 영화의 만남 - 단편모음(섹션 3),0,1,,기타
1017,「딸에 대하여」 책과 영화의 만남 - 단편모음(섹션2),0,1,,기타
1017,개그맨,0,1,고등학생이상관람가,"드라마,코미디"
1017,개막작 - 2018 전북독립영화제,0,1,,기타
1017,갯마을,0,2,,드라마
1017,걷기왕,0,2,12세이상관람가,드라마
1017,결혼이야기,0,2,연소자관람불가,"드라마,멜로/로맨스,코미디"
1017,경쟁1 - 2018 전북독립영화제,0,1,,기타
1017,경쟁2 - 2018 전북독립영화제,0,1,,기타
1017,경쟁3 - 2018 전북독립영화제,0,1,,기타
1017,경쟁4 - 2018 전북독립영화제,0,1,,기타
1017,경쟁5 - 2018 전북독립영화제,0,1,,기타
1017,경쟁6 - 2018 전북독립영화제,0,1,,기타
1017,굿 비즈니스,0,1,,다큐멘터리
1017,그루잠,0,2,,다큐멘터리
1017,꽃잎,0,3,연소자관람불가,드라마
1017,"나의 사랑, 나의 신부",0,2,고등학생이상관람가,"드라마,코미디"
1017,내 마음의 풍금,0,2,모든 관람객이 관람할 수 있는 등급,"멜로/로맨스,드라마"
1017,넘버 3,0,2,연소자관람불가,"코미디,액션,범죄"
1017,단편 섹션/더블 액팅 샷 - 2018 FALLing in JEONJU,0,1,,기타
1017,대립군,0,1,15세이상관람가,"드라마,사극"
1017,독립영화의 밤,0,1,,기타
1017,돼지가 우물에 빠진 날,0,1,연소자관람불가,드라마
1017,들국화는 피었는데,0,2,전체관람가,"드라마,전쟁"
1017,문정왕후,0,2,,사극
1017,미몽(죽음의 자장가),0,2,,드라마
1017,반차/아역배우 박웅비 - Made in Jeonju 8월,0,4,,기타
1017,부역자들 2 : 개. 돼. 쥐들의 세상,0,3,,다큐멘터리
1017,부역자들 3 : THE CONTROL,0,3,,다큐멘터리
1017,사라진 밤,0,1,15세이상관람가,스릴러
1017,사의 찬미,0,2,고등학생이상관람가,"드라마,멜로/로맨스"
1017,숨바꼭질/목욕탕 가는길 - Made in Jeonju 7월,0,3,,기타
1017,쉬리,0,1,15세 미만인 자는 관람할 수 없는 등급,"액션,드라마,멜로/로맨스,미스터리"
1017,시민참여섹션1 '약자와 약자들' - 2018 FALLing in JEONJU,0,2,,기타
1017,시민참여섹션2 ‘성장 판타지아’ - 2018 FALLing in JEONJU,0,2,,기타
1017,아름다운 청년 전태일,0,2,고등학생이상관람가,드라마
1017,아리랑시네센터 정기상영회 '언니네영화관',0,1,,기타
1017,안녕하세요 하나님,0,2,연소자관람가,드라마
1017,여고괴담,0,2,15세 미만인 자는 관람할 수 없는 등급,"공포(호러),스릴러"
1017,여행자,0,4,,드라마
1017,역린,0,2,15세이상관람가,사극
1017,연산일기,0,1,미성년자관람불가,사극
1017,우리들의 일그러진 영웅,0,2,연소자관람가,드라마
1017,운명의 손,0,2,청소년관람불가,드라마
1017,위대한 기적의 시작,0,1,,다큐멘터리
1017,이산+뛰어도 뛰어도,0,5,,드라마
1017,인정사정 볼 것 없다,0,2,12세관람가,액션
1017,장군의 수염,0,2,,드라마
1017,절대歌인,0,4,,다큐멘터리
1017,접속,0,2,고등학생이상관람가,"멜로/로맨스,드라마"
1017,조용한 가족,0,2,18세 미만인 자는 관람할 수 없는 등급,"드라마,미스터리,코미디"
1017,주유소 습격사건,0,1,18세관람가,"코미디,액션"
1017,죽음의 다섯 손가락,0,4,12세이상관람가,액션
1017,지역초청 - 2018 전북독립영화제,0,1,,기타
1017,청춘불패 단편영화특별전 구교환x이옥섭 감독 단편 특별상영,0,1,,기타
1017,청춘불패 단편영화특별전 섹션1-성장일기,0,2,,기타
1017,청춘불패 단편영화특별전 섹션2-애정전선,0,2,,기타
1017,청춘불패 단편영화특별전 섹션3-유잼무죄,0,2,,기타
1017,청춘불패 단편영화특별전 섹션4-여느가족,0,2,,기타
1017,청춘불패 단편영화특별전 섹션5-허스토리,0,2,,기타
1017,청춘불패 단편영화특별전 섹션6-소름주의,0,2,,기타
1017,청춘쌍곡선,0,1,전체관람가,코미디
1017,초록물고기,0,1,연소자관람불가,"드라마,멜로/로맨스,액션"
1017,축제,0,2,중학생이상관람가,"드라마,가족"
1017,친구들 : 숨어있는 슬픔,0,2,,기타
1017,컨테이너,0,2,,드라마
1017,태양닮은 소녀,0,2,,"멜로/로맨스,드라마"
1017,티켓,0,2,연소자관람불가,"드라마,멜로/로맨스"
1017,플레이 체육왕 - 스포츠 단편모음,0,2,,드라마
1017,하얀전쟁,0,2,고등학생이상관람가,"전쟁,드라마,액션"
1017,홀로그램 유니버스,0,1,,다큐멘터리
1017,휴일,0,2,,드라마
합계,,"117,492,304","3,302,649",,
